时刻,cpu温度,cpu占用%,显卡温度,可用内存MB,手RSS_MB,脑RSS_MB
2026-09-30 21:31:45,39,,36,7124,126,16
2026-09-30 21:32:16,46,22.3,35,7092,127,16
2026-09-30 21:32:46,34,16.9,35,7042,152,16
2026-09-30 21:33:16,34,22.0,35,6423,152,16
2026-09-30 21:33:46,33,16.2,36,6590,153,16
2026-09-30 21:34:16,33,19.0,38,6600,123,16
2026-09-30 21:34:46,48,20.2,39,6566,125,16
2026-09-30 21:35:16,51,24.0,39,7213,127,16
2026-09-30 21:35:46,34,27.0,40,7060,127,16
2026-09-30 21:36:16,33,19.7,40,7084,125,16
2026-09-30 21:36:46,34,23.5,40,7024,125,16
2026-09-30 21:37:16,33,20.2,40,7031,125,16
2026-09-30 21:37:46,33,19.1,41,7024,125,16
2026-09-30 21:38:17,34,20.8,41,7004,125,16
2026-09-30 21:38:47,37,19.7,41,6974,125,16
2026-09-30 21:39:17,36,20.1,41,6989,126,16
2026-09-30 21:39:47,34,20.1,41,7034,126,16
2026-09-30 21:40:17,35,20.2,41,7039,129,16
2026-09-30 21:40:47,56,24.1,41,7032,129,16
2026-09-30 21:41:17,41,26.2,41,6811,129,16
2026-09-30 21:41:47,39,19.5,41,6826,129,16
2026-09-30 21:42:17,46,20.6,41,6819,130,16
2026-09-30 21:42:47,41,20.0,42,6846,130,16
2026-09-30 21:43:17,45,21.1,41,6874,130,16
2026-09-30 21:43:47,38,19.7,42,6939,130,16
2026-09-30 21:44:17,41,20.1,41,6952,130,16
2026-09-30 21:44:48,44,20.0,41,6966,131,16
2026-09-30 21:45:18,37,21.4,42,6939,140,16
2026-09-30 21:45:48,36,21.2,42,6966,144,16
2026-09-30 21:46:18,43,20.5,42,6976,144,16
2026-09-30 21:46:48,42,20.3,39,6960,144,16
2026-09-30 21:47:18,48,21.0,40,6960,141,16
2026-09-30 21:47:48,43,19.3,41,6927,141,16
2026-09-30 21:48:18,40,19.5,41,6926,139,16
2026-09-30 21:48:48,42,19.8,41,6912,141,16
2026-09-30 21:49:18,35,26.7,41,6921,142,16
2026-09-30 21:49:48,40,20.5,41,6919,142,16
2026-09-30 21:50:18,48,20.4,42,6944,142,16
2026-09-30 21:50:48,36,25.6,42,7034,142,16
2026-09-30 21:51:19,36,19.7,42,7048,142,16
2026-09-30 21:51:49,36,20.7,42,7041,143,16
2026-09-30 21:52:19,36,21.6,42,7043,143,16
2026-09-30 21:52:49,35,23.5,42,7065,143,16
2026-09-30 21:53:19,35,20.0,42,7046,143,16
2026-09-30 21:53:49,35,20.0,42,7047,143,16
2026-09-30 21:54:19,46,20.1,41,7013,157,16
2026-09-30 21:54:49,36,20.2,41,7025,157,16
2026-09-30 21:55:19,35,21.4,42,7057,157,16
2026-09-30 21:55:49,37,20.0,41,7041,157,16
2026-09-30 21:56:19,36,23.4,42,7059,157,16
2026-09-30 21:56:49,38,22.3,42,6836,157,16
2026-09-30 21:57:20,37,22.3,41,6844,157,16
2026-09-30 21:57:50,36,22.5,41,6868,157,16
2026-09-30 21:58:20,36,20.6,41,6853,157,16
2026-09-30 21:58:50,35,19.2,41,6885,157,16
2026-09-30 21:59:20,35,19.2,41,6911,157,16
2026-09-30 21:59:50,35,22.2,42,6908,157,16
2026-09-30 22:00:20,34,19.5,41,6890,157,16
2026-09-30 22:00:50,36,21.2,42,6855,157,16
2026-09-30 22:01:20,35,19.4,41,6859,157,16
2026-09-30 22:01:50,35,19.8,42,6887,157,16
2026-09-30 22:02:20,34,22.1,41,6852,157,16
2026-09-30 22:02:50,35,19.3,41,6865,158,16
2026-09-30 22:03:21,35,21.0,42,6884,158,16
2026-09-30 22:03:51,37,20.6,41,6893,158,16
2026-09-30 22:04:21,35,20.6,41,6847,158,16
2026-09-30 22:04:51,35,23.0,42,6720,158,16
2026-09-30 22:05:21,47,33.5,41,6479,158,16
2026-09-30 22:05:51,51,25.6,38,6535,158,16
2026-09-30 22:06:21,50,27.5,38,6355,158,16
2026-09-30 22:06:51,43,31.3,40,5985,158,16
2026-09-30 22:07:21,51,33.8,38,6569,158,16
2026-09-30 22:07:51,38,20.8,37,6666,158,16
2026-09-30 22:08:21,37,20.7,37,6942,158,16
2026-09-30 22:08:51,36,18.5,37,7105,158,16
2026-09-30 22:09:22,35,17.8,36,7131,158,16
2026-09-30 22:09:52,34,18.3,36,7134,158,16
2026-09-30 22:10:22,33,18.3,36,7133,160,16
2026-09-30 22:10:52,34,19.7,35,7154,159,16
2026-09-30 22:11:22,33,18.0,35,7200,159,16
2026-09-30 22:11:52,33,19.7,35,7158,159,16
2026-09-30 22:12:22,32,17.4,35,7168,159,16
2026-09-30 22:12:52,33,17.5,35,8248,160,16
2026-09-30 22:13:22,44,20.7,35,8235,160,16
2026-09-30 22:13:52,42,17.8,35,8245,160,16
2026-09-30 22:14:22,44,17.2,35,8228,160,16
2026-09-30 22:14:52,36,18.4,35,8231,160,16
2026-09-30 22:15:22,45,18.4,35,8223,160,16
2026-09-30 22:15:53,31,17.6,35,8212,160,16
2026-09-30 22:16:23,32,17.4,35,8233,160,16
2026-09-30 22:16:53,31,17.4,35,8241,160,16
2026-09-30 22:17:23,32,17.9,34,8233,160,16
2026-09-30 22:17:53,33,17.7,34,8242,160,16
2026-09-30 22:18:23,43,17.7,35,8201,160,16
2026-09-30 22:18:53,46,17.9,34,8168,160,16
2026-09-30 22:19:23,55,30.9,38,6678,160,16
2026-09-30 22:19:53,48,31.1,38,6840,160,16
2026-09-30 22:20:23,49,35.5,39,6754,160,16
2026-09-30 22:20:53,41,37.0,39,6688,160,17
2026-09-30 22:21:23,41,29.6,41,6506,160,17
2026-09-30 22:21:54,45,28.9,40,6569,150,16
2026-09-30 22:22:24,49,24.0,41,6385,121,16
2026-09-30 22:22:54,52,30.7,41,6163,142,16
2026-09-30 22:23:24,44,24.7,39,6359,138,16
2026-09-30 22:23:54,36,18.0,38,6358,139,16
2026-09-30 22:24:24,45,29.0,40,6904,141,16
2026-09-30 22:24:54,47,32.6,40,6674,142,16
2026-09-30 22:25:24,38,27.5,40,6491,142,16
2026-09-30 22:25:54,45,34.8,41,6652,143,16
2026-09-30 22:26:24,51,34.2,41,6769,143,16
2026-09-30 22:26:54,50,28.4,38,6756,154,16
2026-09-30 22:27:24,46,31.9,37,6784,156,16
2026-09-30 22:27:54,48,33.5,37,6635,160,16
2026-09-30 22:28:25,39,23.6,36,6768,161,16
2026-09-30 22:28:55,48,18.6,36,6747,170,17
2026-09-30 22:29:25,36,19.5,36,6894,172,17
2026-09-30 22:29:55,35,19.9,35,6944,171,17
2026-09-30 22:30:25,34,22.2,35,6939,171,17
2026-09-30 22:30:55,34,20.7,35,6917,174,17
2026-09-30 22:31:25,34,21.6,35,6929,174,17
2026-09-30 22:31:55,46,19.4,36,6940,174,17
2026-09-30 22:32:25,42,27.7,38,6755,174,17
2026-09-30 22:32:55,54,24.5,38,6723,151,16
2026-09-30 22:33:25,44,32.0,38,6481,122,16
2026-09-30 22:33:56,45,32.6,39,6521,122,16
2026-09-30 22:34:26,47,31.4,40,6531,122,16
2026-09-30 22:34:56,47,30.0,40,6497,124,16
2026-09-30 22:35:26,50,32.6,40,6657,124,16
2026-09-30 22:35:56,53,24.2,38,6689,124,16
2026-09-30 22:36:26,42,29.7,39,6677,124,16
2026-09-30 22:36:56,37,18.6,37,6797,124,16
2026-09-30 22:37:26,36,19.3,37,6802,124,16
2026-09-30 22:37:56,36,19.8,37,7047,124,16
2026-09-30 22:38:26,34,18.1,36,7023,124,16
2026-09-30 22:38:56,33,17.2,36,7022,124,16
2026-09-30 22:39:26,33,17.7,36,7012,124,16
2026-09-30 22:39:57,33,18.1,36,7026,124,16
2026-09-30 22:40:27,33,17.0,36,6999,124,16
2026-09-30 22:40:57,42,25.8,36,7010,124,16
2026-09-30 22:41:27,33,16.9,35,8101,124,16
2026-09-30 22:41:57,32,16.4,35,8110,124,16
2026-09-30 22:42:27,35,17.2,37,8110,124,16
2026-09-30 22:42:57,32,18.7,35,8116,124,16
2026-09-30 22:43:27,31,16.9,35,8102,124,16
2026-09-30 22:43:57,32,16.4,35,8108,125,16
2026-09-30 22:44:27,34,16.8,35,8123,125,16
2026-09-30 22:44:57,39,17.2,35,8100,125,16
2026-09-30 22:45:27,55,24.3,37,6691,125,16
2026-09-30 22:45:58,47,27.8,38,6684,125,16
2026-09-30 22:46:28,42,37.3,39,6671,128,16
2026-09-30 22:46:58,49,38.6,37,6500,128,16
2026-09-30 22:47:28,53,27.8,36,6685,128,16
2026-09-30 22:47:58,55,34.0,36,6682,128,16
2026-09-30 22:48:28,52,24.0,36,6232,128,16
2026-09-30 22:48:58,41,24.5,35,6231,138,0
2026-09-30 22:49:28,39,18.5,35,6234,152,16
2026-09-30 22:49:58,38,18.8,35,6256,124,16
2026-09-30 22:50:28,46,29.8,39,6097,123,16
2026-09-30 22:50:58,43,31.6,39,6699,142,16
2026-09-30 22:51:28,52,31.8,37,6783,140,16
2026-09-30 22:51:59,39,23.8,39,6522,150,0
2026-09-30 22:52:29,38,26.2,39,6589,152,16
2026-09-30 22:52:59,36,23.4,41,6838,125,16
2026-09-30 22:53:29,46,23.7,40,6718,125,16
2026-09-30 22:53:59,45,30.8,42,6302,125,16
2026-09-30 22:54:29,41,31.4,42,6114,126,16
2026-09-30 22:54:59,50,26.6,39,5941,126,16
2026-09-30 22:55:29,39,22.3,41,6766,152,16
2026-09-30 22:55:59,37,21.0,41,6958,124,16
2026-09-30 22:56:29,37,24.5,41,6997,124,16
2026-09-30 22:56:59,36,25.6,41,6953,144,16
2026-09-30 22:57:30,36,23.3,41,6963,152,16
2026-09-30 22:58:00,35,21.2,41,6966,159,16
2026-09-30 22:58:30,35,21.7,41,6943,160,16
2026-09-30 22:59:00,51,29.4,41,6648,160,16
2026-09-30 22:59:30,37,26.0,41,6560,150,0
2026-09-30 23:00:00,35,23.3,41,6548,122,16
2026-09-30 23:00:30,39,27.6,41,6524,125,16
2026-09-30 23:01:00,45,31.6,41,6721,127,16
2026-09-30 23:01:30,43,37.8,40,6693,128,16
2026-09-30 23:02:00,36,16.9,38,6808,128,16
2026-09-30 23:02:30,35,17.1,37,6793,128,16
2026-09-30 23:03:00,35,17.5,37,6802,128,16
2026-09-30 23:03:31,34,18.1,36,6783,128,16
2026-09-30 23:04:01,34,20.7,37,6774,128,16
2026-09-30 23:04:31,33,17.9,36,6795,128,16
2026-09-30 23:05:01,32,15.6,36,6798,128,16
2026-09-30 23:05:31,33,16.1,35,6806,128,16
2026-09-30 23:06:01,32,17.5,35,6759,128,16
2026-09-30 23:06:31,33,19.9,35,8023,128,16
2026-09-30 23:07:01,33,17.6,35,8078,128,16
2026-09-30 23:07:31,54,30.7,38,6591,128,16
2026-09-30 23:08:01,49,33.8,39,6622,128,16
2026-09-30 23:08:31,55,29.7,38,6604,128,16
2026-09-30 23:09:01,48,33.9,39,6425,128,16
2026-09-30 23:09:32,46,27.1,39,6878,128,16
2026-09-30 23:10:02,36,19.9,38,7010,128,16
2026-09-30 23:10:32,36,19.5,38,6971,128,16
2026-09-30 23:11:02,35,18.1,36,7012,128,16
2026-09-30 23:11:32,36,22.3,37,6748,128,16
2026-09-30 23:12:02,48,34.6,39,6649,128,16
2026-09-30 23:12:32,50,28.7,37,6554,128,16
2026-09-30 23:13:02,54,24.4,37,6422,128,16
2026-09-30 23:13:32,49,27.4,36,6139,128,16
2026-09-30 23:14:02,42,21.8,36,6120,128,16
2026-09-30 23:14:32,41,30.3,38,6560,128,16
2026-09-30 23:15:02,66,28.6,38,6058,128,16
2026-09-30 23:15:32,55,25.8,36,6228,128,16
2026-09-30 23:16:03,59,23.3,35,5991,128,16
2026-09-30 23:16:33,53,23.0,35,6074,128,16
2026-09-30 23:17:03,55,29.2,36,6509,128,16
2026-09-30 23:17:33,53,26.0,38,6458,135,0
2026-09-30 23:18:03,41,20.4,39,6604,150,25
2026-09-30 23:18:33,48,26.4,39,6321,120,25
2026-09-30 23:19:03,55,25.6,38,6231,121,25
2026-09-30 23:19:33,38,20.8,40,6198,131,25
2026-09-30 23:20:03,40,26.0,41,6514,132,25
2026-09-30 23:20:33,49,29.5,38,6549,132,25
2026-09-30 23:21:03,41,26.2,40,6649,133,25
2026-09-30 23:21:33,41,28.6,38,5995,133,25
2026-09-30 23:22:03,45,21.6,37,6289,135,25
2026-09-30 23:22:34,48,25.9,36,5764,135,25
2026-09-30 23:23:04,38,23.8,36,6514,139,0
2026-09-30 23:23:34,36,18.1,36,6717,151,28
2026-09-30 23:24:04,36,21.8,35,6694,147,0
2026-09-30 23:24:34,35,18.4,35,6742,119,28
2026-09-30 23:25:04,36,24.4,36,6657,149,0
2026-09-30 23:25:34,54,26.9,37,6103,119,25
2026-09-30 23:26:04,47,27.1,39,5946,119,25
2026-09-30 23:26:34,58,28.5,39,5816,119,25
2026-09-30 23:27:04,63,30.7,38,6145,119,25
2026-09-30 23:27:34,38,24.5,37,6340,120,25
2026-09-30 23:28:04,49,17.1,36,6360,120,25
2026-09-30 23:28:35,36,16.8,36,6366,120,25
2026-09-30 23:29:05,39,28.2,38,6680,120,25
2026-09-30 23:29:35,46,32.4,39,6574,120,25
2026-09-30 23:30:05,40,33.9,38,6600,120,25
2026-09-30 23:30:35,47,29.7,39,5919,120,25
2026-09-30 23:31:05,39,23.9,39,5978,150,25
2026-09-30 23:31:35,58,28.1,40,6666,120,28
2026-09-30 23:32:05,37,23.9,37,6734,150,25
2026-09-30 23:32:35,48,24.1,36,6091,120,25
2026-09-30 23:33:05,47,26.2,39,5881,120,25
2026-09-30 23:33:35,38,24.7,37,6608,120,25
2026-09-30 23:34:05,37,17.6,37,6654,120,25
2026-09-30 23:34:36,37,21.9,39,6602,121,25
2026-09-30 23:35:06,38,30.8,39,6626,121,25
2026-09-30 23:35:36,37,23.6,37,6208,121,25
2026-09-30 23:36:06,36,16.9,36,6253,121,25
2026-09-30 23:36:36,35,16.8,36,6251,121,25
2026-09-30 23:37:06,34,17.1,36,6887,121,25
2026-09-30 23:37:36,33,15.8,35,6980,121,25
2026-09-30 23:38:06,32,15.8,35,6956,121,25
2026-09-30 23:38:36,32,16.2,35,6956,121,25
2026-09-30 23:39:06,44,30.0,37,6650,121,25
2026-09-30 23:39:36,42,33.2,39,6598,121,25
2026-09-30 23:40:06,45,28.0,39,6461,121,25
2026-09-30 23:40:37,49,28.9,37,6379,121,25
2026-09-30 23:41:07,50,25.9,37,6375,121,25
2026-09-30 23:41:37,41,29.4,38,6412,121,25
2026-09-30 23:42:07,40,27.9,38,6482,121,25
2026-09-30 23:42:37,40,24.9,37,6521,121,25
2026-09-30 23:43:07,39,22.5,36,6211,151,25
2026-09-30 23:43:37,38,23.2,36,6234,123,25
2026-09-30 23:44:07,56,31.0,35,5862,124,25
2026-09-30 23:44:37,37,19.8,35,6242,149,25
2026-09-30 23:45:07,40,22.3,35,6086,120,25
2026-09-30 23:45:37,41,20.8,34,5910,121,25
2026-09-30 23:46:07,38,27.2,34,6011,140,0
2026-09-30 23:46:38,49,20.4,34,5421,150,25
2026-09-30 23:47:08,43,24.3,34,5724,122,25
2026-09-30 23:47:38,50,22.8,34,6522,130,25
2026-09-30 23:48:08,40,19.1,36,6607,152,25
2026-09-30 23:48:38,46,28.0,37,6740,74,0
2026-09-30 23:49:08,41,23.8,38,6772,150,25
2026-09-30 23:49:38,48,26.8,36,6621,121,25
2026-09-30 23:50:08,43,22.3,35,6718,148,0
2026-09-30 23:50:38,47,21.4,35,6523,150,25
2026-09-30 23:51:08,43,23.0,35,6599,150,25
2026-09-30 23:51:38,45,25.9,36,6607,150,25
2026-09-30 23:52:08,36,20.8,38,6618,149,25
2026-09-30 23:52:38,42,27.7,38,6737,0,0
2026-09-30 23:53:09,43,26.3,39,6611,150,25
2026-09-30 23:53:39,35,24.9,39,6304,150,25
2026-09-30 23:54:09,45,26.2,37,5928,121,25
2026-09-30 23:54:39,38,26.4,39,6365,123,25
2026-09-30 23:55:09,37,28.0,37,6424,123,25
2026-09-30 23:55:39,35,15.4,36,6512,123,25
2026-09-30 23:56:09,33,15.4,35,6514,123,25
2026-09-30 23:56:39,33,16.4,35,6579,123,25
2026-09-30 23:57:09,32,15.3,35,6792,123,25
2026-09-30 23:57:39,31,15.8,34,6828,123,25
2026-09-30 23:58:09,31,15.8,34,6818,123,25
2026-09-30 23:58:40,31,16.7,34,6843,123,25
2026-09-30 23:59:10,30,15.3,34,6834,123,25
2026-09-30 23:59:40,30,15.2,33,6824,123,25
2026-10-01 00:00:10,29,15.4,33,7929,123,25
2026-10-01 00:00:40,30,15.9,33,7947,123,25
2026-10-01 00:01:10,30,15.4,33,7955,123,25
2026-10-01 00:01:40,29,15.5,33,7968,123,25
2026-10-01 00:02:10,30,15.9,33,7921,123,25
2026-10-01 00:02:40,30,15.4,33,7909,123,25
2026-10-01 00:03:10,29,15.5,33,7910,123,25
2026-10-01 00:03:40,29,16.2,33,7925,123,25
2026-10-01 00:04:11,30,16.3,33,7921,124,25
2026-10-01 00:04:41,30,16.2,33,7898,124,25
2026-10-01 00:05:11,29,16.2,33,7917,124,25
2026-10-01 00:05:41,29,15.7,33,7905,124,25
2026-10-01 00:06:11,29,15.7,33,7903,124,25
2026-10-01 00:06:41,28,15.6,33,7915,124,25
2026-10-01 00:07:11,29,15.9,33,7894,125,25
2026-10-01 00:07:41,29,16.1,33,7918,125,25
2026-10-01 00:08:11,28,17.0,33,7953,125,25
2026-10-01 00:08:41,53,38.8,36,6496,125,25
2026-10-01 00:09:11,40,43.7,37,6542,125,25
2026-10-01 00:09:42,48,38.4,35,6463,125,25
2026-10-01 00:10:12,58,39.9,37,5716,125,25
2026-10-01 00:10:42,58,42.2,37,5855,125,25
2026-10-01 00:11:12,48,36.1,38,5750,151,0
2026-10-01 00:11:42,51,37.4,38,6371,157,25
2026-10-01 00:12:12,57,41.3,38,6581,158,25
2026-10-01 00:12:42,57,34.1,37,6813,161,25
2026-10-01 00:13:12,50,40.0,39,6257,133,25
2026-10-01 00:13:42,63,42.9,38,6246,134,25
2026-10-01 00:14:12,61,44.9,37,6481,141,25
2026-10-01 00:14:42,46,30.8,39,6552,140,25
2026-10-01 00:15:12,57,21.2,37,6626,138,25
2026-10-01 00:15:42,48,18.7,36,6598,138,25
2026-10-01 00:16:12,57,27.9,38,6532,125,25
2026-10-01 00:16:43,53,40.3,38,6447,127,25
2026-10-01 00:17:13,48,45.0,39,6454,127,26
2026-10-01 00:17:43,51,44.1,39,6569,127,26
2026-10-01 00:18:13,57,43.5,40,6609,127,26
2026-10-01 00:18:43,55,43.5,40,6493,127,26
2026-10-01 00:19:13,48,44.0,40,6583,127,26
2026-10-01 00:19:43,55,44.8,40,6659,127,26
2026-10-01 00:20:13,50,43.2,40,6463,127,26
2026-10-01 00:20:43,59,44.8,41,6427,127,26
2026-10-01 00:21:13,55,48.3,40,6421,127,26
2026-10-01 00:21:43,56,44.7,39,6456,127,26
2026-10-01 00:22:13,61,38.7,38,6313,127,26
2026-10-01 00:22:44,47,44.9,39,6369,143,26
2026-10-01 00:23:14,56,51.3,40,6633,142,26
2026-10-01 00:23:44,54,48.7,40,6515,142,26
2026-10-01 00:24:14,59,44.1,40,6450,144,26
2026-10-01 00:24:44,59,36.4,39,6359,145,26
2026-10-01 00:25:14,56,42.8,41,5865,145,26
2026-10-01 00:25:44,59,44.6,40,6551,145,26
2026-10-01 00:26:14,49,46.2,40,6576,145,26
2026-10-01 00:26:44,49,37.3,41,6541,150,26
2026-10-01 00:27:14,49,38.2,41,6575,130,26
2026-10-01 00:27:44,50,31.5,42,6603,130,26
2026-10-01 00:28:15,63,53.8,41,6552,130,26
2026-10-01 00:28:45,54,52.8,42,6596,132,26
2026-10-01 00:29:15,54,43.0,41,6507,132,26
2026-10-01 00:29:45,53,34.4,41,6588,132,26
2026-10-01 00:30:15,55,49.2,41,6593,132,26
2026-10-01 00:30:45,46,27.9,42,6518,141,26
2026-10-01 00:31:15,45,47.9,43,6579,141,26
2026-10-01 00:31:45,46,38.3,41,6611,141,26
2026-10-01 00:32:15,54,40.0,41,5915,141,26
2026-10-01 00:32:45,62,51.8,40,5878,141,26
2026-10-01 00:33:15,52,48.3,41,6435,144,26
2026-10-01 00:33:45,57,35.0,41,6511,153,26
2026-10-01 00:34:16,54,50.7,40,6551,125,26
2026-10-01 00:34:46,56,48.4,41,6363,126,26
2026-10-01 00:35:16,56,49.0,41,5719,126,26
2026-10-01 00:35:46,54,37.6,43,6427,150,26
2026-10-01 00:36:16,56,31.0,42,6452,0,0
2026-10-01 00:36:46,50,31.1,43,6439,154,26
2026-10-01 00:37:16,56,26.5,41,6627,126,26
2026-10-01 00:37:46,53,47.1,40,6386,129,26
2026-10-01 00:38:16,52,44.1,41,6422,146,0
2026-10-01 00:38:46,49,38.1,40,6395,121,26
2026-10-01 00:39:16,56,48.1,40,6383,130,26
2026-10-01 00:39:46,56,46.3,41,6376,131,26
2026-10-01 00:40:16,54,48.4,40,6414,138,26
2026-10-01 00:40:46,64,48.5,40,6412,142,26
2026-10-01 00:41:17,54,45.1,41,6401,157,26
2026-10-01 00:41:47,59,45.3,40,6423,132,0
2026-10-01 00:42:17,65,41.2,41,6478,127,26
2026-10-01 00:42:47,63,43.8,40,6499,153,26
2026-10-01 00:43:17,46,39.6,41,6604,159,26
2026-10-01 00:43:47,57,33.4,41,6499,161,26
2026-10-01 00:44:17,48,47.2,41,6555,165,26
2026-10-01 00:44:47,53,37.0,41,6543,154,26
2026-10-01 00:45:17,59,34.0,39,6457,161,26
2026-10-01 00:45:47,60,24.3,39,6464,161,26
2026-10-01 00:46:17,57,22.8,39,6450,162,26
2026-10-01 00:46:47,58,37.2,38,6394,144,26
2026-10-01 00:47:17,57,27.3,38,6605,164,26
2026-10-01 00:47:48,56,32.2,38,6231,167,26
2026-10-01 00:48:18,54,21.8,37,6645,153,26
2026-10-01 00:48:48,50,23.2,37,6639,170,26
2026-10-01 00:49:18,52,22.4,37,6647,173,26
2026-10-01 00:49:48,56,23.6,37,6636,175,27
2026-10-01 00:50:18,57,21.4,37,7742,176,27
2026-10-01 00:50:48,52,21.7,38,7727,176,27
2026-10-01 00:51:18,57,19.2,37,7748,176,27
2026-10-01 00:51:48,64,35.6,38,6247,176,27
2026-10-01 00:52:18,47,41.6,38,6317,176,27
2026-10-01 00:52:48,54,44.5,39,6360,176,27
2026-10-01 00:53:18,52,44.8,39,6410,176,27
2026-10-01 00:53:48,55,44.8,40,5470,176,27
2026-10-01 00:54:19,48,43.5,40,6271,176,27
2026-10-01 00:54:49,66,40.8,40,6241,176,27
2026-10-01 00:55:19,57,39.4,39,6106,176,27
2026-10-01 00:55:49,61,43.4,39,6291,176,27
2026-10-01 00:56:19,68,39.5,38,6302,176,27
2026-10-01 00:56:49,60,39.0,40,6280,176,27
2026-10-01 00:57:19,52,37.7,39,6637,152,26
2026-10-01 00:57:49,56,29.2,40,6689,123,26
2026-10-01 00:58:19,63,44.6,40,6534,142,26
2026-10-01 00:58:49,56,42.1,39,6479,156,26
2026-10-01 00:59:19,48,23.5,40,6522,154,26
2026-10-01 00:59:49,54,20.5,38,6522,156,26
2026-10-01 01:00:19,56,24.3,38,6615,163,26
2026-10-01 01:00:49,56,28.3,37,6625,167,26
2026-10-01 01:01:20,51,23.3,38,6637,168,26
2026-10-01 01:01:50,65,25.3,38,6619,169,26
2026-10-01 01:02:20,54,20.6,37,6623,169,27
2026-10-01 01:02:50,48,18.8,37,6610,169,27
2026-10-01 01:03:20,52,18.8,36,6605,169,27
2026-10-01 01:03:50,48,18.7,36,7711,169,27
2026-10-01 01:04:20,54,18.6,36,7731,169,27
2026-10-01 01:04:50,47,18.6,36,7747,169,27
2026-10-01 01:05:20,49,18.7,36,7723,169,27
2026-10-01 01:05:50,53,21.4,35,7750,169,27
2026-10-01 01:06:20,46,19.6,35,7728,169,27
2026-10-01 01:06:50,47,18.9,35,7748,169,27
2026-10-01 01:07:20,44,18.3,35,7702,169,27
2026-10-01 01:07:50,51,18.1,35,7711,169,27
2026-10-01 01:08:21,52,20.2,35,7682,169,27
2026-10-01 01:08:51,48,19.1,35,7684,169,27
2026-10-01 01:09:21,46,21.4,35,7693,169,27
2026-10-01 01:09:51,53,18.1,35,7686,169,27
2026-10-01 01:10:21,41,18.7,35,7667,169,27
2026-10-01 01:10:51,56,20.8,35,7683,169,27
2026-10-01 01:11:21,44,18.7,37,7665,169,27
2026-10-01 01:11:51,45,20.6,34,7699,169,27
2026-10-01 01:12:21,43,18.6,35,7686,169,27
2026-10-01 01:12:51,54,18.8,35,7730,169,27
2026-10-01 01:13:21,41,18.7,35,7734,169,27
2026-10-01 01:13:51,62,39.9,37,6265,169,27
2026-10-01 01:14:21,50,41.3,37,6430,169,27
2026-10-01 01:14:51,49,45.4,38,6508,167,27
2026-10-01 01:15:22,52,44.0,37,6415,168,27
2026-10-01 01:15:52,52,43.2,39,5866,168,27
2026-10-01 01:16:22,48,41.0,39,6451,168,27
2026-10-01 01:16:52,46,39.5,39,6420,168,27
2026-10-01 01:17:22,43,32.8,39,6562,118,26
2026-10-01 01:17:52,47,36.0,39,5911,130,26
2026-10-01 01:18:22,50,39.0,39,6395,131,26
2026-10-01 01:18:52,57,44.5,39,6361,131,26
2026-10-01 01:19:22,58,34.9,39,6325,150,26
2026-10-01 01:19:52,49,40.7,39,6451,121,26
2026-10-01 01:20:22,45,34.7,40,6322,121,26
2026-10-01 01:20:52,57,46.4,38,6322,122,26
2026-10-01 01:21:22,45,19.2,37,6357,123,26
2026-10-01 01:21:52,41,17.1,37,6410,123,26
2026-10-01 01:22:23,45,18.7,36,6472,123,26
2026-10-01 01:22:53,43,16.9,36,6626,123,26
2026-10-01 01:23:23,43,17.0,36,6637,123,26
2026-10-01 01:23:53,41,16.7,36,6618,123,26
2026-10-01 01:24:23,56,18.9,35,6624,124,26
2026-10-01 01:24:53,43,16.9,36,6619,124,26
2026-10-01 01:25:23,42,17.3,35,6629,124,26
2026-10-01 01:25:53,53,23.1,35,6607,124,26
2026-10-01 01:26:23,45,19.2,35,7729,124,26
2026-10-01 01:26:53,39,16.7,35,7719,124,26
2026-10-01 01:27:23,43,17.9,35,7694,124,26
2026-10-01 01:27:53,41,18.1,35,7729,124,26
2026-10-01 01:28:23,55,31.6,37,7518,124,26
2026-10-01 01:28:53,43,18.4,36,7734,124,26
2026-10-01 01:29:24,41,18.9,37,7715,124,26
2026-10-01 01:29:54,59,40.9,38,6263,124,26
2026-10-01 01:30:24,49,42.4,38,6433,124,26
2026-10-01 01:30:54,49,43.2,38,5753,124,26
2026-10-01 01:31:24,48,37.0,38,6245,124,26
2026-10-01 01:31:54,51,42.0,39,6335,124,26
2026-10-01 01:32:24,48,47.1,40,6343,124,26
2026-10-01 01:32:54,50,46.6,39,6389,130,26
2026-10-01 01:33:24,57,36.0,38,6284,145,26
2026-10-01 01:33:54,48,43.6,38,6255,144,26
2026-10-01 01:34:24,53,36.6,38,6504,145,26
2026-10-01 01:34:54,53,41.9,38,6440,144,26
2026-10-01 01:35:24,49,31.8,39,6541,151,26
2026-10-01 01:35:55,52,31.3,38,6476,150,26
2026-10-01 01:36:25,55,36.7,39,5982,120,26
2026-10-01 01:36:55,59,41.5,38,5868,141,26
2026-10-01 01:37:25,57,44.7,37,6322,159,26
2026-10-01 01:37:55,55,33.9,37,6394,158,26
2026-10-01 01:38:25,58,42.2,36,6363,145,26
2026-10-01 01:38:55,48,32.9,39,6453,152,26
2026-10-01 01:39:25,50,48.2,39,6425,160,26
2026-10-01 01:39:55,61,42.4,39,6256,161,26
2026-10-01 01:40:25,54,43.0,38,6446,129,26
2026-10-01 01:40:55,46,28.3,37,6566,146,26
2026-10-01 01:41:25,57,24.2,37,6511,161,26
2026-10-01 01:41:55,57,26.2,37,6536,164,26
2026-10-01 01:42:25,57,25.5,36,6564,162,26
2026-10-01 01:42:56,54,25.9,36,6567,168,26
2026-10-01 01:43:26,67,29.3,36,6491,168,26
2026-10-01 01:43:56,59,24.1,36,6513,168,26
2026-10-01 01:44:26,57,27.2,36,6477,169,27
2026-10-01 01:44:56,51,25.5,35,6489,170,27
2026-10-01 01:45:26,57,24.3,35,7705,170,27
2026-10-01 01:45:56,55,24.0,35,7703,170,27
2026-10-01 01:46:26,53,20.3,35,7686,170,27
2026-10-01 01:46:56,56,19.4,36,7706,170,27
2026-10-01 01:47:26,52,19.6,37,7684,170,27
2026-10-01 01:47:56,60,37.9,38,6194,170,27
2026-10-01 01:48:26,55,43.3,38,6285,170,27
2026-10-01 01:48:56,47,45.2,39,6351,170,27
2026-10-01 01:49:26,51,40.6,39,6283,170,27
2026-10-01 01:49:57,55,43.3,39,6291,170,27
2026-10-01 01:50:27,56,38.1,39,5820,170,27
2026-10-01 01:50:57,52,29.2,38,5836,151,26
2026-10-01 01:51:27,56,40.5,38,6394,122,26
2026-10-01 01:51:57,54,45.0,39,5870,122,26
2026-10-01 01:52:27,56,32.5,39,5753,122,26
2026-10-01 01:52:57,51,22.3,39,5733,122,26
2026-10-01 01:53:27,49,28.6,39,5717,123,26
2026-10-01 01:53:57,54,20.4,39,6479,120,26
2026-10-01 01:54:27,59,20.5,38,6611,120,26
2026-10-01 01:54:57,56,18.9,38,6607,121,26
2026-10-01 01:55:27,54,20.5,38,6574,121,26
2026-10-01 01:55:57,56,24.0,38,6587,121,26
2026-10-01 01:56:27,52,19.4,39,6614,121,26
2026-10-01 01:56:58,50,18.8,38,6624,121,26
2026-10-01 01:57:28,50,19.4,38,7713,121,26
2026-10-01 01:57:58,57,27.1,40,7564,121,26
2026-10-01 01:58:28,55,26.3,38,7577,122,26
2026-10-01 01:58:58,53,29.5,39,7848,122,26
2026-10-01 01:59:28,56,19.4,38,7829,122,26
2026-10-01 01:59:58,62,32.9,38,6322,122,26
2026-10-01 02:00:28,46,37.4,37,6384,125,26
2026-10-01 02:00:58,58,35.4,38,6443,125,26
2026-10-01 02:01:28,55,19.1,37,6594,125,26
2026-10-01 02:01:58,55,19.9,38,6589,127,26
2026-10-01 02:02:28,50,51.5,40,6376,127,26
2026-10-01 02:02:58,48,52.9,40,6297,127,26
2026-10-01 02:03:28,53,43.7,39,6374,127,26
2026-10-01 02:03:59,57,34.1,39,6243,127,26
2026-10-01 02:04:29,56,36.9,41,6311,127,26
2026-10-01 02:04:59,47,40.2,39,6315,128,26
2026-10-01 02:05:29,56,39.6,39,6331,128,26
2026-10-01 02:05:59,54,38.5,39,5779,0,0
2026-10-01 02:06:29,48,33.0,39,6260,123,26
2026-10-01 02:06:59,49,32.0,41,6377,132,26
2026-10-01 02:07:29,52,36.5,42,6297,143,26
2026-10-01 02:07:59,54,33.8,39,6400,150,26
2026-10-01 02:08:29,50,44.5,40,6218,130,26
2026-10-01 02:08:59,51,30.4,40,6275,171,26
2026-10-01 02:09:29,52,36.5,40,6266,171,26
2026-10-01 02:09:59,50,47.9,41,6257,173,26
2026-10-01 02:10:30,50,50.8,41,6223,175,26
2026-10-01 02:11:00,60,54.0,40,5714,174,26
2026-10-01 02:11:30,53,42.5,40,6252,175,26
2026-10-01 02:12:00,65,36.5,40,6246,150,26
2026-10-01 02:12:30,48,28.5,41,6322,155,26
2026-10-01 02:13:00,52,27.0,40,6342,161,26
2026-10-01 02:13:30,51,46.1,41,6143,165,26
2026-10-01 02:14:00,43,37.0,41,6246,150,26
2026-10-01 02:14:30,54,43.1,40,6173,166,26
2026-10-01 02:15:00,49,25.5,39,6238,169,26
2026-10-01 02:15:30,41,26.0,40,6218,169,26
2026-10-01 02:16:00,45,33.9,39,6263,150,26
2026-10-01 02:16:31,53,41.5,40,6256,122,26
2026-10-01 02:17:01,49,44.5,40,6157,122,26
2026-10-01 02:17:31,47,31.1,40,6248,123,26
2026-10-01 02:18:01,55,33.0,40,6191,123,26
2026-10-01 02:18:31,45,22.2,40,6212,123,26
2026-10-01 02:19:01,41,19.9,39,6308,123,26
2026-10-01 02:19:31,43,18.5,39,6425,123,26
2026-10-01 02:20:01,46,18.5,39,6401,123,26
2026-10-01 02:20:31,48,28.7,39,6198,123,26
2026-10-01 02:21:01,43,47.7,40,6234,123,26
2026-10-01 02:21:31,50,38.5,39,6183,122,26
2026-10-01 02:22:01,47,45.7,40,5739,122,26
2026-10-01 02:22:31,45,19.4,39,5748,122,26
2026-10-01 02:23:01,53,21.1,39,5759,122,26
2026-10-01 02:23:32,50,20.8,39,6231,122,26
2026-10-01 02:24:02,42,20.1,39,6310,122,26
2026-10-01 02:24:32,42,18.1,39,6311,124,26
2026-10-01 02:25:02,41,18.3,39,6313,125,26
2026-10-01 02:25:32,43,18.5,39,6324,125,26
2026-10-01 02:26:02,46,23.2,40,6237,125,26
2026-10-01 02:26:32,45,39.1,37,6110,126,26
2026-10-01 02:27:02,49,31.0,37,5906,126,26
2026-10-01 02:27:32,46,32.9,38,6249,126,26
2026-10-01 02:28:02,41,30.8,38,6199,126,26
2026-10-01 02:28:32,44,38.1,39,6207,126,26
2026-10-01 02:29:02,39,31.6,39,6157,0,0
2026-10-01 02:29:32,39,24.1,37,6130,155,26
2026-10-01 02:30:03,36,17.9,36,6173,126,26
2026-10-01 02:30:33,35,22.7,36,6142,126,26
2026-10-01 02:31:03,48,20.5,36,6182,126,26
2026-10-01 02:31:33,34,23.8,35,6417,127,26
2026-10-01 02:32:03,43,30.2,36,6276,128,26
2026-10-01 02:32:33,45,35.4,36,6224,126,26
2026-10-01 02:33:03,33,21.1,35,6213,126,26
2026-10-01 02:33:33,33,18.6,35,6273,127,26
2026-10-01 02:34:03,32,19.9,35,6297,127,26
2026-10-01 02:34:33,32,18.2,35,6311,127,26
2026-10-01 02:35:03,30,18.1,35,6330,127,26
2026-10-01 02:35:33,38,34.7,36,6250,127,26
2026-10-01 02:36:04,36,30.3,36,6142,127,26
2026-10-01 02:36:34,39,32.3,37,6161,127,26
2026-10-01 02:37:04,51,41.7,38,6155,127,26
2026-10-01 02:37:34,36,36.2,36,6181,127,26
2026-10-01 02:38:04,33,17.6,36,6198,127,26
2026-10-01 02:38:34,31,17.7,35,6171,127,26
2026-10-01 02:39:04,31,17.3,35,6190,127,26
2026-10-01 02:39:34,31,17.4,34,6190,127,26
2026-10-01 02:40:04,36,22.6,37,6043,127,26
2026-10-01 02:40:34,41,32.7,34,6083,127,26
2026-10-01 02:41:04,46,31.6,34,6003,127,26
2026-10-01 02:41:34,40,32.8,34,6195,127,26
2026-10-01 02:42:04,48,41.2,36,5587,127,26
2026-10-01 02:42:35,41,29.4,36,6325,127,26
2026-10-01 02:43:05,47,22.3,35,6324,127,26
2026-10-01 02:43:35,48,18.8,34,6278,127,26
2026-10-01 02:44:05,45,22.1,35,6018,127,26
2026-10-01 02:44:35,48,20.5,35,6028,128,26
2026-10-01 02:45:05,49,23.3,34,5970,128,26
2026-10-01 02:45:35,46,22.6,35,5931,126,26
2026-10-01 02:46:05,47,21.0,36,5985,126,26
2026-10-01 02:46:35,56,24.6,36,5710,126,26
2026-10-01 02:47:05,45,27.0,34,6076,126,26
2026-10-01 02:47:35,52,27.9,34,5476,126,26
2026-10-01 02:48:05,48,23.8,34,6154,126,26
2026-10-01 02:48:35,48,20.8,35,6110,126,26
2026-10-01 02:49:05,48,22.0,34,6204,126,26
2026-10-01 02:49:35,49,18.5,34,6223,126,26
2026-10-01 02:50:06,51,19.3,34,6026,126,26
2026-10-01 02:50:36,47,22.0,34,6162,126,26
2026-10-01 02:51:06,48,21.3,34,6203,126,26
2026-10-01 02:51:36,45,22.9,34,5646,126,26
2026-10-01 02:52:06,44,34.0,36,5624,126,26
2026-10-01 02:52:36,42,31.7,36,6174,127,26
2026-10-01 02:53:06,38,29.3,37,6220,151,28
2026-10-01 02:53:36,41,36.2,38,6181,124,28
2026-10-01 02:54:06,38,26.9,37,6254,125,28
2026-10-01 02:54:36,49,31.6,38,6226,132,0
2026-10-01 02:55:06,36,20.0,37,6269,156,28
2026-10-01 02:55:36,47,30.5,37,6178,132,28
2026-10-01 02:56:06,36,26.5,38,6235,151,28
2026-10-01 02:56:37,43,25.5,39,6219,152,28
2026-10-01 02:57:07,37,27.6,38,6184,150,28
2026-10-01 02:57:37,54,22.1,38,6156,123,28
2026-10-01 02:58:07,42,37.5,38,6282,126,28
2026-10-01 02:58:37,46,35.0,37,6197,129,28
2026-10-01 02:59:07,36,21.3,38,6147,150,28
2026-10-01 02:59:37,38,21.3,38,6081,121,28
2026-10-01 03:00:07,36,30.8,37,6200,125,28
2026-10-01 03:00:37,35,19.6,39,6394,125,28
2026-10-01 03:01:07,40,27.7,38,6273,126,28
2026-10-01 03:01:37,41,33.2,39,6171,127,28
2026-10-01 03:02:07,36,26.1,39,6263,151,28
2026-10-01 03:02:37,35,20.0,39,6287,122,28
2026-10-01 03:03:08,34,20.1,39,6340,123,28
2026-10-01 03:03:38,38,28.3,39,6180,123,28
2026-10-01 03:04:08,46,31.8,39,6232,133,0
2026-10-01 03:04:38,34,20.6,39,6240,150,28
2026-10-01 03:05:08,33,19.6,39,6340,121,28
2026-10-01 03:05:38,33,19.8,39,6318,122,28
2026-10-01 03:06:08,42,35.7,39,6277,122,28
2026-10-01 03:06:38,34,21.4,37,6253,150,28
2026-10-01 03:07:08,33,18.6,36,6366,121,28
2026-10-01 03:07:38,32,19.8,37,6341,121,28
2026-10-01 03:08:08,47,21.5,39,6197,121,28
2026-10-01 03:08:38,43,35.3,39,6207,122,28
2026-10-01 03:09:08,44,30.4,38,5990,123,28
2026-10-01 03:09:39,49,34.6,37,6046,124,28
2026-10-01 03:10:09,36,26.7,38,5988,150,28
2026-10-01 03:10:39,35,20.0,38,6021,121,28
2026-10-01 03:11:09,34,21.5,38,6100,122,28
2026-10-01 03:11:39,56,21.2,38,5757,122,28
2026-10-01 03:12:09,44,32.8,39,5822,122,28
2026-10-01 03:12:39,40,37.2,39,6113,123,28
2026-10-01 03:13:09,46,29.9,37,6175,124,28
2026-10-01 03:13:39,37,21.3,38,6306,150,28
2026-10-01 03:14:09,34,19.3,39,6340,122,28
2026-10-01 03:14:39,34,22.2,39,6395,122,28
2026-10-01 03:15:09,34,19.4,39,6387,122,28
2026-10-01 03:15:39,43,23.7,39,6284,122,28
2026-10-01 03:16:10,42,37.8,39,6209,123,28
2026-10-01 03:16:40,40,31.3,39,6202,125,28
2026-10-01 03:17:10,36,35.2,39,6213,150,0
2026-10-01 03:17:40,35,22.0,39,6282,131,28
2026-10-01 03:18:10,35,20.4,39,6290,166,28
2026-10-01 03:18:40,33,29.3,39,6340,166,28
2026-10-01 03:19:10,43,30.0,39,6243,165,28
2026-10-01 03:19:40,47,34.7,38,6172,165,28
2026-10-01 03:20:10,54,23.2,39,6195,151,28
2026-10-01 03:20:40,37,36.4,39,6233,122,28
2026-10-01 03:21:10,36,22.9,39,6221,136,28
2026-10-01 03:21:41,34,22.5,39,6190,137,28
2026-10-01 03:22:11,33,24.1,40,6207,150,28
2026-10-01 03:22:41,41,28.6,39,6152,151,28
2026-10-01 03:23:11,51,39.5,39,5437,152,28
2026-10-01 03:23:41,44,27.2,40,5781,151,28
2026-10-01 03:24:11,37,37.1,40,6259,122,28
2026-10-01 03:24:41,34,26.6,37,6245,122,28
2026-10-01 03:25:11,32,18.0,36,6260,123,28
2026-10-01 03:25:41,31,17.7,36,6300,123,28
2026-10-01 03:26:11,31,19.6,36,6333,123,28
2026-10-01 03:26:41,31,19.0,35,6369,124,28
2026-10-01 03:27:11,42,18.6,36,6408,124,28
2026-10-01 03:27:42,40,34.5,37,5709,124,28
2026-10-01 03:28:12,41,37.9,37,5683,124,28
2026-10-01 03:28:42,43,31.4,36,5548,124,28
2026-10-01 03:29:12,41,31.7,37,6117,124,28
2026-10-01 03:29:42,47,33.6,38,6000,124,28
2026-10-01 03:30:12,41,33.7,39,5406,124,28
2026-10-01 03:30:42,46,27.7,36,5521,124,28
2026-10-01 03:31:12,38,33.3,37,6125,124,28
2026-10-01 03:31:42,38,34.2,37,5672,124,28
2026-10-01 03:32:12,36,23.0,38,5639,155,28
2026-10-01 03:32:42,40,31.4,37,6199,0,0
2026-10-01 03:33:12,54,26.4,37,6090,161,28
2026-10-01 03:33:42,38,22.5,40,6171,164,28
2026-10-01 03:34:13,39,22.9,40,6120,166,28
2026-10-01 03:34:43,40,27.8,39,6020,167,28
2026-10-01 03:35:13,38,26.7,40,6058,154,28
2026-10-01 03:35:43,35,20.9,39,6144,124,28
2026-10-01 03:36:13,42,20.3,39,6146,124,28
2026-10-01 03:36:43,40,27.6,40,6105,124,28
2026-10-01 03:37:13,45,33.5,38,6131,124,28
2026-10-01 03:37:43,35,23.4,39,6034,150,28
2026-10-01 03:38:13,49,22.0,39,6077,124,28
2026-10-01 03:38:43,35,19.7,39,6093,124,28
2026-10-01 03:39:13,33,22.4,39,6087,124,28
2026-10-01 03:39:43,34,29.0,39,6025,132,28
2026-10-01 03:40:13,33,21.6,39,6036,136,28
2026-10-01 03:40:44,45,28.9,39,6064,136,28
2026-10-01 03:41:14,34,24.3,39,6066,136,28
2026-10-01 03:41:44,34,31.2,39,6217,142,0
2026-10-01 03:42:14,34,30.5,39,6140,157,28
2026-10-01 03:42:44,34,23.3,39,6209,166,28
2026-10-01 03:43:14,34,27.8,39,6088,169,28
2026-10-01 03:43:44,54,23.3,39,5978,169,28
2026-10-01 03:44:14,35,33.3,39,6057,150,0
2026-10-01 03:44:44,33,20.1,39,6175,127,28
2026-10-01 03:45:14,33,20.5,39,6155,141,28
2026-10-01 03:45:44,33,21.1,39,6104,157,28
2026-10-01 03:46:15,35,29.0,39,6082,158,28
2026-10-01 03:46:45,33,20.7,39,6150,155,28
2026-10-01 03:47:15,33,20.0,39,6147,156,28
2026-10-01 03:47:45,43,27.0,39,6048,156,28
2026-10-01 03:48:15,33,23.9,39,6136,157,28
2026-10-01 03:48:45,41,21.7,39,6180,157,28
2026-10-01 03:49:15,33,29.6,39,6184,158,28
2026-10-01 03:49:45,39,25.3,39,6182,156,28
2026-10-01 03:50:15,42,28.6,39,6265,150,28
2026-10-01 03:50:45,40,31.0,39,6174,121,28
2026-10-01 03:51:15,55,39.5,38,6009,121,28
2026-10-01 03:51:45,35,22.1,39,6169,122,28
2026-10-01 03:52:16,35,25.9,37,6179,122,28
2026-10-01 03:52:46,49,19.9,37,6224,122,28
2026-10-01 03:53:16,33,18.1,36,6250,123,28
2026-10-01 03:53:46,31,17.9,35,6260,124,28
2026-10-01 03:54:16,31,18.0,35,6256,124,28
2026-10-01 03:54:46,30,17.5,35,6241,124,28
2026-10-01 03:55:16,31,17.4,35,6212,124,28
2026-10-01 03:55:46,30,17.9,34,6214,124,28
2026-10-01 03:56:16,29,17.8,34,6272,124,28
2026-10-01 03:56:46,30,18.6,34,7544,125,28
2026-10-01 03:57:16,30,20.4,35,7552,126,28
2026-10-01 03:57:46,51,29.8,36,5978,126,28
2026-10-01 03:58:17,37,33.2,37,6119,126,28
2026-10-01 03:58:47,40,37.3,38,6325,126,28
2026-10-01 03:59:17,48,35.4,37,6168,126,28
2026-10-01 03:59:47,47,26.2,37,6160,126,28
2026-10-01 04:00:17,43,35.5,38,5896,126,28
2026-10-01 04:00:47,54,32.1,37,6146,126,28
2026-10-01 04:01:17,34,19.0,35,6200,126,28
2026-10-01 04:01:47,32,18.4,34,6215,126,28
2026-10-01 04:02:17,33,19.4,34,6279,126,28
2026-10-01 04:02:47,30,19.0,34,6415,126,28
2026-10-01 04:03:17,30,18.5,34,6397,126,28
2026-10-01 04:03:48,38,27.7,33,6214,126,28
2026-10-01 04:04:18,47,25.6,33,6189,126,28
2026-10-01 04:04:48,40,28.4,33,6160,126,28
2026-10-01 04:05:18,47,30.1,33,6233,126,28
2026-10-01 04:05:48,48,22.6,33,6260,126,28
2026-10-01 04:06:18,49,24.4,33,5752,126,28
2026-10-01 04:06:48,50,21.6,32,5780,126,28
2026-10-01 04:07:18,47,32.4,35,6149,126,28
2026-10-01 04:07:48,43,28.1,35,6116,124,28
2026-10-01 04:08:18,41,32.1,37,6219,124,28
2026-10-01 04:08:48,48,26.1,34,6257,124,28
2026-10-01 04:09:18,41,25.2,36,6218,152,0
2026-10-01 04:09:48,39,26.4,37,6322,0,0
2026-10-01 04:10:18,47,23.3,36,6261,152,30
2026-10-01 04:10:49,54,26.7,36,5626,123,30
2026-10-01 04:11:19,50,28.6,35,5724,123,30
2026-10-01 04:11:49,45,28.4,36,5733,123,30
2026-10-01 04:12:19,47,32.1,36,6198,123,30
2026-10-01 04:12:49,43,33.0,38,6113,122,30
2026-10-01 04:13:19,36,22.0,35,6221,152,30
2026-10-01 04:13:49,43,24.8,34,6203,123,30
2026-10-01 04:14:19,39,28.6,36,6307,141,0
2026-10-01 04:14:49,43,24.0,36,6180,118,30
2026-10-01 04:15:19,50,35.8,38,6220,0,0
2026-10-01 04:15:49,37,26.9,38,6235,152,30
2026-10-01 04:16:19,44,22.8,38,6191,123,33
2026-10-01 04:16:49,40,26.5,38,6247,124,33
2026-10-01 04:17:19,39,24.9,38,6214,124,33
2026-10-01 04:17:50,34,22.9,39,6319,124,33
2026-10-01 04:18:20,36,19.4,39,6331,121,33
2026-10-01 04:18:50,32,20.0,39,6305,121,33
2026-10-01 04:19:20,45,32.1,38,6161,122,33
2026-10-01 04:19:50,33,23.0,39,6219,153,30
2026-10-01 04:20:20,33,19.7,39,6233,129,33
2026-10-01 04:20:50,33,21.0,39,6256,130,33
2026-10-01 04:21:20,32,19.6,40,6253,132,33
2026-10-01 04:21:50,33,25.7,39,6306,152,30
2026-10-01 04:22:20,46,31.7,37,6224,122,30
2026-10-01 04:22:50,41,33.7,39,5487,124,30
2026-10-01 04:23:20,33,27.2,36,6285,124,30
2026-10-01 04:23:50,33,21.7,36,6327,124,30
2026-10-01 04:24:21,31,18.0,35,6315,124,30
2026-10-01 04:24:51,31,19.4,35,6333,125,30
2026-10-01 04:25:21,30,18.1,34,6347,125,30
2026-10-01 04:25:51,31,18.2,34,6344,125,30
2026-10-01 04:26:21,29,17.7,34,6336,125,30
2026-10-01 04:26:51,29,20.4,34,6334,125,30
2026-10-01 04:27:21,29,17.8,33,6330,125,30
2026-10-01 04:27:51,28,17.9,33,6348,125,30
2026-10-01 04:28:21,27,18.0,33,7478,125,30
2026-10-01 04:28:51,28,18.0,33,7483,126,30
2026-10-01 04:29:21,27,18.0,33,7481,126,30
2026-10-01 04:29:51,26,18.2,33,7486,126,30
2026-10-01 04:30:22,27,17.9,33,7469,126,30
2026-10-01 04:30:52,30,17.9,33,7488,126,30
2026-10-01 04:31:22,27,17.9,32,7450,126,30
2026-10-01 04:31:52,26,20.9,33,7468,126,30
2026-10-01 04:32:22,49,24.1,35,6137,126,30
2026-10-01 04:32:52,48,29.6,36,5913,127,30
2026-10-01 04:33:22,33,32.5,35,6067,127,30
2026-10-01 04:33:52,31,21.0,34,6232,127,30
2026-10-01 04:34:22,30,18.7,34,6364,127,30
2026-10-01 04:34:52,30,18.4,34,6377,127,30
2026-10-01 04:35:22,40,24.9,36,6106,127,30
2026-10-01 04:35:52,42,33.9,34,6329,127,30
2026-10-01 04:36:22,39,27.8,37,6199,127,30
2026-10-01 04:36:53,35,33.9,35,6167,127,30
2026-10-01 04:37:23,32,19.4,35,6305,127,30
2026-10-01 04:37:53,31,17.5,34,6327,127,30
2026-10-01 04:38:23,32,20.3,34,6321,128,30
2026-10-01 04:38:53,35,23.8,36,6304,128,30
2026-10-01 04:39:23,31,18.3,34,6355,128,30
2026-10-01 04:39:53,30,18.0,34,6329,126,30
2026-10-01 04:40:23,30,18.6,34,6329,127,30
2026-10-01 04:40:53,29,18.4,33,6320,127,30
2026-10-01 04:41:23,38,32.1,35,6349,127,30
2026-10-01 04:41:53,43,44.8,35,6108,128,30
2026-10-01 04:42:23,45,30.3,34,6115,128,30
2026-10-01 04:42:54,45,34.9,35,6097,128,30
2026-10-01 04:43:24,39,34.5,36,6181,128,30
2026-10-01 04:43:54,38,35.0,37,6141,146,0
2026-10-01 04:44:24,46,28.7,38,6212,130,0
2026-10-01 04:44:54,38,25.5,38,6142,151,32
2026-10-01 04:45:24,45,35.0,36,6200,121,32
2026-10-01 04:45:54,35,22.3,38,6274,152,32
2026-10-01 04:46:24,38,27.7,38,6103,143,0
2026-10-01 04:46:54,45,40.0,39,5845,118,32
2026-10-01 04:47:24,49,32.9,38,6181,121,32
2026-10-01 04:47:54,52,44.2,38,5554,122,32
2026-10-01 04:48:24,46,32.9,36,5666,122,32
2026-10-01 04:48:54,43,27.7,36,5983,122,32
2026-10-01 04:49:25,40,25.4,35,6196,150,32
2026-10-01 04:49:55,35,19.1,37,6243,125,32
2026-10-01 04:50:25,42,24.3,37,6172,127,35
2026-10-01 04:50:55,37,26.7,38,6297,127,35
2026-10-01 04:51:25,34,18.7,38,6301,127,35
2026-10-01 04:51:55,34,19.4,39,6320,128,35
2026-10-01 04:52:25,34,21.0,38,6383,128,35
2026-10-01 04:52:55,33,19.2,39,6352,129,35
2026-10-01 04:53:25,44,32.3,37,6127,125,35
2026-10-01 04:53:55,34,20.5,38,6189,125,35
2026-10-01 04:54:25,34,19.3,39,6186,125,35
2026-10-01 04:54:55,34,21.1,38,6132,125,35
2026-10-01 04:55:25,33,20.7,39,6319,126,35
2026-10-01 04:55:56,33,26.3,39,6164,126,35
2026-10-01 04:56:26,35,19.4,39,6208,126,35
2026-10-01 04:56:56,33,19.2,39,6232,126,35
2026-10-01 04:57:26,32,19.8,39,6226,126,35
2026-10-01 04:57:56,43,29.7,40,6110,126,35
2026-10-01 04:58:26,33,20.8,39,6280,151,32
2026-10-01 04:58:56,32,19.2,39,6294,121,35
2026-10-01 04:59:26,33,18.5,39,6293,122,35
2026-10-01 04:59:56,32,18.1,39,6279,123,35
2026-10-01 05:00:26,48,31.5,39,6147,123,35
2026-10-01 05:00:56,35,32.1,39,6018,157,32
2026-10-01 05:01:26,39,25.0,39,6109,126,32
2026-10-01 05:01:56,34,22.9,39,6054,151,32
2026-10-01 05:02:27,45,28.0,39,6132,122,32
2026-10-01 05:02:57,34,33.9,40,6256,150,32
2026-10-01 05:03:27,56,34.4,39,5722,121,32
2026-10-01 05:03:57,43,32.4,37,6071,122,32
2026-10-01 05:04:27,33,20.5,36,6223,122,32
2026-10-01 05:04:57,32,18.3,36,6247,122,32
2026-10-01 05:05:27,31,23.2,35,6203,123,32
2026-10-01 05:05:57,31,20.8,35,6363,125,32
2026-10-01 05:06:27,42,17.6,34,6362,125,32
2026-10-01 05:06:57,31,18.1,34,6364,125,32
2026-10-01 05:07:27,30,19.5,34,6339,125,32
2026-10-01 05:07:57,29,17.7,34,6364,125,32
2026-10-01 05:08:27,37,28.3,34,6034,125,32
2026-10-01 05:08:58,51,37.9,36,5661,125,32
2026-10-01 05:09:28,43,44.6,36,5344,125,32
2026-10-01 05:09:58,40,30.1,37,5985,125,32
2026-10-01 05:10:28,36,31.3,38,5994,125,32
2026-10-01 05:10:58,46,32.8,38,5529,125,32
2026-10-01 05:11:28,39,37.3,39,6002,125,32
2026-10-01 05:11:58,44,43.6,39,5715,125,32
2026-10-01 05:12:28,41,38.4,39,5336,125,32
2026-10-01 05:12:58,42,38.8,38,5297,125,32
2026-10-01 05:13:28,40,34.4,39,6332,125,32
2026-10-01 05:13:58,44,34.3,39,6016,125,32
2026-10-01 05:14:28,48,36.3,38,6169,125,32
2026-10-01 05:14:59,49,32.0,39,6335,125,32
2026-10-01 05:15:29,40,28.9,38,6159,125,32
2026-10-01 05:15:59,46,31.9,39,6259,125,32
2026-10-01 05:16:29,44,29.9,39,6132,125,32
2026-10-01 05:16:59,37,29.8,37,7621,126,32
2026-10-01 05:17:29,35,17.3,36,7636,126,32
2026-10-01 05:17:59,49,25.3,38,6389,126,32
2026-10-01 05:18:29,57,28.9,37,6163,126,32
2026-10-01 05:18:59,45,33.0,38,6302,126,32
2026-10-01 05:19:29,46,32.7,38,6343,126,32
2026-10-01 05:19:59,38,29.0,38,6243,126,32
2026-10-01 05:20:29,44,33.1,39,6190,126,32
2026-10-01 05:20:59,41,33.2,39,6240,125,32
2026-10-01 05:21:30,45,32.5,39,6424,125,32
2026-10-01 05:22:00,46,29.0,39,6417,125,32
2026-10-01 05:22:30,43,31.9,39,6350,125,32
2026-10-01 05:23:00,51,30.3,39,6246,125,32
2026-10-01 05:23:30,45,27.7,40,5921,126,32
2026-10-01 05:24:00,46,31.9,40,5660,126,32
2026-10-01 05:24:30,43,33.2,41,6197,126,32
2026-10-01 05:25:00,36,22.9,37,6363,126,32
2026-10-01 05:25:30,36,21.6,37,6326,126,32
2026-10-01 05:26:00,34,18.4,36,6341,126,32
2026-10-01 05:26:30,32,18.6,35,6499,126,32
2026-10-01 05:27:00,31,17.4,35,6496,126,32
2026-10-01 05:27:31,30,18.0,35,6456,126,32
2026-10-01 05:28:01,31,18.4,34,6461,127,32
2026-10-01 05:28:31,29,19.7,34,6474,127,32
2026-10-01 05:29:01,39,34.9,37,6257,127,32
2026-10-01 05:29:31,41,36.3,37,6151,127,32
2026-10-01 05:30:01,47,32.4,37,6132,127,32
2026-10-01 05:30:31,45,39.6,37,6098,127,32
2026-10-01 05:31:01,42,39.2,38,5984,127,32
2026-10-01 05:31:31,42,33.5,38,5936,127,32
2026-10-01 05:32:01,43,30.5,38,6042,127,32
2026-10-01 05:32:31,36,31.8,37,6347,127,32
2026-10-01 05:33:02,34,21.2,36,6395,127,32
2026-10-01 05:33:32,37,18.3,36,6380,127,32
2026-10-01 05:34:02,36,32.7,38,5626,127,32
2026-10-01 05:34:32,42,34.5,38,5485,127,32
2026-10-01 05:35:02,38,33.5,39,6237,127,32
2026-10-01 05:35:32,47,31.8,39,6283,128,32
2026-10-01 05:36:02,45,36.4,39,6185,128,32
2026-10-01 05:36:32,34,17.3,37,6206,128,32
2026-10-01 05:37:02,34,17.9,37,6211,128,32
2026-10-01 05:37:32,34,22.8,36,6217,128,32
2026-10-01 05:38:02,31,16.5,37,6390,128,32
2026-10-01 05:38:32,30,16.5,35,6383,128,32
2026-10-01 05:39:02,30,16.9,35,6396,128,32
2026-10-01 05:39:33,37,21.8,36,6250,128,32
2026-10-01 05:40:03,39,31.5,37,6164,128,32
2026-10-01 05:40:33,40,33.7,37,5994,128,32
2026-10-01 05:41:03,44,39.5,38,6225,128,32
2026-10-01 05:41:33,46,29.5,39,6344,128,32
2026-10-01 05:42:03,43,30.7,38,6266,128,32
2026-10-01 05:42:33,41,32.3,38,6205,128,32
2026-10-01 05:43:03,43,38.6,38,5582,128,32
2026-10-01 05:43:33,45,33.9,39,5567,141,32
2026-10-01 05:44:03,42,33.5,39,6024,143,32
2026-10-01 05:44:33,47,34.8,38,6174,143,32
2026-10-01 05:45:03,41,29.1,38,6060,143,32
2026-10-01 05:45:33,46,27.5,37,6023,143,32
2026-10-01 05:46:04,42,31.1,37,5628,143,32
2026-10-01 05:46:34,38,35.3,37,5849,143,32
2026-10-01 05:47:04,38,23.1,37,5812,143,32
2026-10-01 05:47:34,50,26.0,38,5878,143,32
2026-10-01 05:48:04,37,28.0,37,6399,143,32
2026-10-01 05:48:34,38,18.5,36,6414,143,32
2026-10-01 05:49:04,35,18.4,36,6388,143,32
2026-10-01 05:49:34,35,20.6,36,6392,143,32
2026-10-01 05:50:04,35,18.2,36,6390,143,32
2026-10-01 05:50:34,32,18.7,35,6381,143,32
2026-10-01 05:51:04,38,26.7,35,6221,143,32
2026-10-01 05:51:34,42,46.0,35,6127,143,32
2026-10-01 05:52:05,41,44.9,36,5978,143,32
2026-10-01 05:52:35,43,42.8,37,5911,143,32
2026-10-01 05:53:05,37,39.3,38,5947,143,32
2026-10-01 05:53:35,39,40.3,38,6117,143,32
2026-10-01 05:54:05,39,35.6,38,6121,143,32
2026-10-01 05:54:35,40,41.8,38,6072,143,32
2026-10-01 05:55:05,41,47.2,39,6042,143,32
2026-10-01 05:55:35,41,40.7,39,6015,143,32
2026-10-01 05:56:05,39,41.0,40,6092,143,32
2026-10-01 05:56:35,41,38.7,39,5849,143,32
2026-10-01 05:57:05,40,31.3,39,5821,143,32
2026-10-01 05:57:36,59,34.5,38,5263,143,32
2026-10-01 05:58:06,45,44.3,39,5526,143,32
2026-10-01 05:58:36,43,41.9,39,6466,143,32
2026-10-01 05:59:06,40,40.2,39,5984,143,32
2026-10-01 05:59:36,41,41.1,40,6401,143,32
2026-10-01 06:00:06,46,41.3,41,6347,143,32
2026-10-01 06:00:36,46,43.7,39,6424,143,32
2026-10-01 06:01:06,36,23.0,37,6448,143,32
2026-10-01 06:01:36,36,18.9,37,6454,143,32
2026-10-01 06:02:06,35,22.3,37,6503,143,32
2026-10-01 06:02:36,34,21.7,36,6610,142,32
2026-10-01 06:03:06,33,20.3,36,6603,142,32
2026-10-01 06:03:37,31,18.6,35,6580,142,32
2026-10-01 06:04:07,31,20.1,35,6602,142,32
2026-10-01 06:04:37,31,19.0,35,6621,142,32
2026-10-01 06:05:07,30,18.7,34,6595,142,32
2026-10-01 06:05:37,41,33.6,37,6433,142,32
2026-10-01 06:06:07,41,37.9,37,6359,142,32
2026-10-01 06:06:37,41,40.4,38,6346,142,32
2026-10-01 06:07:07,48,46.0,39,6384,142,32
2026-10-01 06:07:37,41,46.4,38,6341,142,32
2026-10-01 06:08:07,45,45.8,38,6520,142,32
2026-10-01 06:08:37,43,45.7,39,6654,148,32
2026-10-01 06:09:08,42,42.9,39,6525,148,33
2026-10-01 06:09:38,42,39.6,39,6516,150,33
2026-10-01 06:10:08,40,34.3,39,5918,150,33
2026-10-01 06:10:38,46,32.5,39,6406,150,33
2026-10-01 06:11:08,41,36.5,39,6420,150,33
2026-10-01 06:11:38,43,36.3,39,6200,150,33
2026-10-01 06:12:08,42,44.7,39,6087,150,33
2026-10-01 06:12:38,39,40.0,39,6314,150,33
2026-10-01 06:13:08,44,40.0,38,6455,150,33
2026-10-01 06:13:38,44,30.6,37,6415,150,33
2026-10-01 06:14:08,41,34.3,36,6370,150,33
2026-10-01 06:14:38,43,34.4,36,6334,150,33
2026-10-01 06:15:09,41,33.6,36,5737,150,33
2026-10-01 06:15:39,42,32.5,36,6294,150,33
2026-10-01 06:16:09,45,31.2,35,6221,150,33
2026-10-01 06:16:39,46,32.9,35,6076,150,33
2026-10-01 06:17:09,38,31.5,35,6307,150,33
2026-10-01 06:17:39,37,22.3,35,6389,150,33
2026-10-01 06:18:09,35,25.5,35,6360,150,33
2026-10-01 06:18:39,52,23.0,35,6167,150,33
2026-10-01 06:19:09,33,19.6,35,6465,150,33
2026-10-01 06:19:39,32,19.9,34,6447,150,33
2026-10-01 06:20:09,33,21.2,34,6418,150,33
2026-10-01 06:20:39,31,19.2,34,6456,150,33
2026-10-01 06:21:10,38,25.7,35,6367,148,33
2026-10-01 06:21:40,38,41.9,37,6233,148,33
2026-10-01 06:22:10,43,39.5,37,6220,148,33
2026-10-01 06:22:40,45,33.0,37,6250,148,33
2026-10-01 06:23:10,52,38.0,38,6262,148,33
2026-10-01 06:23:40,46,36.8,38,5417,148,33
2026-10-01 06:24:10,41,33.2,38,6703,148,33
2026-10-01 06:24:40,43,32.2,38,6687,148,33
2026-10-01 06:25:10,45,34.2,38,6082,148,33
2026-10-01 06:25:40,44,36.7,38,6145,148,33
2026-10-01 06:26:10,44,42.7,39,6432,148,33
2026-10-01 06:26:40,45,36.0,38,6643,148,33
2026-10-01 06:27:11,45,33.8,39,6565,148,33
2026-10-01 06:27:41,44,35.6,37,6645,148,33
2026-10-01 06:28:11,45,31.6,36,6428,153,33
2026-10-01 06:28:41,45,28.2,36,6563,171,0
2026-10-01 06:29:11,41,32.0,35,6546,170,0
2026-10-01 06:29:41,39,29.9,35,6001,170,0
2026-10-01 06:30:11,41,29.0,35,6557,171,0
2026-10-01 06:30:41,40,33.4,35,6406,168,0
2026-10-01 06:31:11,44,30.4,34,6386,168,0
2026-10-01 06:31:41,40,29.4,34,6463,168,0
2026-10-01 06:32:11,40,33.4,34,6508,170,0
2026-10-01 06:32:42,36,29.9,34,6558,170,0
2026-10-01 06:33:12,34,23.6,34,6600,170,0
2026-10-01 06:33:42,42,27.8,34,6462,171,0
2026-10-01 06:34:12,33,23.0,34,6579,171,0
2026-10-01 06:34:42,41,30.3,35,6529,172,0
2026-10-01 06:35:12,33,27.9,34,6603,172,0
2026-10-01 06:35:42,35,21.1,34,6587,172,0
2026-10-01 06:36:12,33,25.6,34,6667,173,0
2026-10-01 06:36:42,46,38.5,35,6582,179,0
2026-10-01 06:37:12,41,37.4,34,6595,171,0
2026-10-01 06:37:42,34,20.1,34,6620,171,0
2026-10-01 06:38:12,39,30.3,34,6486,172,0
2026-10-01 06:38:42,40,37.9,36,6427,172,0
2026-10-01 06:39:13,35,37.9,37,6582,0,0
2026-10-01 06:39:43,37,29.7,37,6670,151,0
2026-10-01 06:40:13,34,20.6,37,6725,123,0
2026-10-01 06:40:43,52,28.5,37,6717,124,0
2026-10-01 06:41:13,37,22.8,38,6746,124,0
2026-10-01 06:41:43,36,30.1,38,6685,124,0
2026-10-01 06:42:13,40,34.3,38,6568,125,0
2026-10-01 06:42:43,35,28.3,38,6700,123,0
2026-10-01 06:43:13,35,34.1,38,6782,123,0
2026-10-01 06:43:43,45,30.5,37,6611,123,0
2026-10-01 06:44:13,39,34.1,39,6622,124,0
2026-10-01 06:44:43,40,30.6,39,6493,125,0
2026-10-01 06:45:13,42,29.6,39,6435,125,0
2026-10-01 06:45:44,39,36.0,39,6533,125,0
2026-10-01 06:46:14,35,20.2,37,6531,125,0
2026-10-01 06:46:44,41,25.9,37,5832,125,0
2026-10-01 06:47:14,36,30.6,36,6400,125,0
2026-10-01 06:47:44,38,25.4,35,6226,125,0
2026-10-01 06:48:14,51,20.1,35,6479,125,0
2026-10-01 06:48:44,35,18.8,35,6489,131,0
2026-10-01 06:49:14,35,17.7,34,6476,131,0
2026-10-01 06:49:44,34,17.8,34,6471,131,0
2026-10-01 06:50:14,33,18.0,34,6476,131,0
2026-10-01 06:50:44,32,17.7,34,6486,131,0
2026-10-01 06:51:14,31,18.4,33,7795,132,0
2026-10-01 06:51:45,30,18.3,33,7760,132,0
2026-10-01 06:52:15,30,18.8,33,7796,132,0
2026-10-01 06:52:45,29,18.3,33,7767,132,0
2026-10-01 06:53:15,28,18.7,33,7783,132,0
2026-10-01 06:53:45,28,20.7,33,7783,132,0
2026-10-01 06:54:15,29,19.0,33,7770,132,0
2026-10-01 06:54:45,31,19.4,33,7764,132,0
2026-10-01 06:55:15,47,30.7,35,6379,132,0
2026-10-01 06:55:45,34,35.1,35,7761,132,0
2026-10-01 06:56:15,32,23.8,34,7919,132,0
2026-10-01 06:56:45,53,23.2,36,6379,132,0
2026-10-01 06:57:15,46,25.6,37,6404,133,0
2026-10-01 06:57:46,44,31.6,36,6377,133,0
2026-10-01 06:58:16,40,31.3,37,5717,133,0
2026-10-01 06:58:46,39,37.9,39,6213,133,0
2026-10-01 06:59:16,41,32.7,39,6244,133,0
2026-10-01 06:59:46,40,35.8,38,6062,133,0
2026-10-01 07:00:16,42,32.1,39,6079,133,0
2026-10-01 07:00:46,54,27.8,40,6053,150,0
2026-10-01 07:01:16,40,31.4,40,6819,121,0
2026-10-01 07:01:46,39,29.0,40,6516,122,0
2026-10-01 07:02:16,44,34.4,40,6419,123,0
2026-10-01 07:02:46,47,37.5,40,6405,123,0
2026-10-01 07:03:16,44,35.2,40,6812,123,0
2026-10-01 07:03:46,40,32.7,40,6670,123,0
2026-10-01 07:04:16,43,34.1,40,6785,123,0
2026-10-01 07:04:47,36,23.7,40,6779,123,0
2026-10-01 07:05:17,36,24.6,41,6778,123,0
2026-10-01 07:05:47,41,24.1,40,6878,123,0
2026-10-01 07:06:17,35,22.5,40,6931,124,0
2026-10-01 07:06:47,35,22.1,40,6900,124,0
2026-10-01 07:07:17,37,27.9,40,6780,124,0
2026-10-01 07:07:47,35,23.1,40,6805,124,0
2026-10-01 07:08:17,35,22.3,40,6801,124,0
2026-10-01 07:08:47,35,22.2,40,6821,124,0
2026-10-01 07:09:17,34,22.1,40,6770,124,0
2026-10-01 07:09:47,34,23.1,41,6787,124,0
2026-10-01 07:10:18,33,21.9,41,6803,124,0
2026-10-01 07:10:48,52,29.3,41,6607,124,0
2026-10-01 07:11:18,40,37.5,40,6071,124,0
2026-10-01 07:11:48,40,33.8,40,6275,124,0
2026-10-01 07:12:18,43,34.1,40,6707,124,0
2026-10-01 07:12:48,41,36.0,38,6742,124,0
2026-10-01 07:13:18,35,25.5,37,6958,124,0
2026-10-01 07:13:48,33,17.1,36,6968,124,0
2026-10-01 07:14:18,33,17.0,35,6972,124,0
2026-10-01 07:14:48,32,18.4,34,6961,125,0
2026-10-01 07:15:18,31,16.8,34,6953,125,0
2026-10-01 07:15:48,31,17.0,34,6957,125,0
2026-10-01 07:16:19,31,16.5,33,6968,125,0
2026-10-01 07:16:49,31,19.8,33,6948,125,0
2026-10-01 07:17:19,32,16.8,33,6931,125,0
2026-10-01 07:17:49,30,18.0,33,6960,125,0
2026-10-01 07:18:19,30,18.2,32,8149,125,0
2026-10-01 07:18:49,28,18.2,32,8158,125,0
2026-10-01 07:19:19,28,18.1,32,8128,125,0
2026-10-01 07:19:49,28,18.2,32,8128,125,0
2026-10-01 07:20:19,28,18.4,32,8105,125,0
2026-10-01 07:20:49,30,19.2,32,8134,125,0
2026-10-01 07:21:19,28,17.9,32,8128,126,0
2026-10-01 07:21:49,28,18.1,32,8108,126,0
2026-10-01 07:22:20,28,17.9,32,8121,126,0
2026-10-01 07:22:50,27,19.8,32,8119,126,0
2026-10-01 07:23:20,49,33.4,35,6509,126,0
2026-10-01 07:23:50,43,33.0,33,6678,126,0
2026-10-01 07:24:20,52,49.5,35,6667,126,0
